"Title","Release Year","PosterURL","TrailerURL"
"Dr No",1962,"http://www.007.com/wp-content/uploads/2013/11/DrNoscaled.jpg","https://www.youtube.com/watch?v=Wcv8-HoCroU"
"From Russia With Love",1963,"http://www.007.com/wp-content/uploads/2013/11/FromRussiaWithLovescaled.jpg","https://www.youtube.com/watch?v=VqAOf66o1Wg"
"Goldfinger",1964,"http://www.007.com/wp-content/uploads/2013/11/Goldfingerscaled.jpg","https://www.youtube.com/watch?v=KdQoSK9wibU"
"Thunderball",1965,"http://www.007.com/wp-content/uploads/2013/11/1Thunderballscaled.jpg","https://www.youtube.com/watch?v=CbqYnB_wQJQ"
"You Only Live Twice",1967,"http://www.007.com/wp-content/uploads/2013/11/YouOnlyLiveTwicescaled.jpg","https://www.youtube.com/watch?v=Ovp7MN4tG54"
"On Her Majesty's Secret Service",1969,"http://www.007.com/wp-content/uploads/2013/11/OnHerMajestysSSscaled.jpg","https://www.youtube.com/watch?v=WYFCl9qJGSQ"
"Diamonds Are Forever",1971,"http://www.007.com/wp-content/uploads/2013/11/DiamondsAreForever.no_.borderscaled.jpg","https://www.youtube.com/watch?v=Tle384oEa4s"
"Live and Let Die",1973,"http://www.007.com/wp-content/uploads/2013/11/LiveLetDiescaled.jpg","https://www.youtube.com/watch?v=mVly_ZQLWz4"
"The Man with the Golden Gun",1974,"http://www.007.com/wp-content/uploads/2013/11/ManWithTheGGscaled.jpg","https://www.youtube.com/watch?v=ps8rOIoou5Q"
"The Spy Who Loved Me",1977,"http://www.007.com/wp-content/uploads/2013/11/SpyWhoLovedMescaled.jpg","https://www.youtube.com/watch?v=0-Nf77gSI_c"
"Moonraker",1979,"http://www.007.com/wp-content/uploads/2013/11/Moonrakerscaled.jpg","https://www.youtube.com/watch?v=JGIi2trMwjs"
"For Your Eyes only",1981,"http://www.007.com/wp-content/uploads/2013/11/ForYourEyesOnlyscaled.jpg","https://www.youtube.com/watch?v=-NJ1EkdbEFc"
"Octopussy",1983,"http://www.007.com/wp-content/uploads/2013/11/Octopussyscaled.jpg","https://www.youtube.com/watch?v=IwHbCvXMbS8"
"Never Say Never Again",1983,"http://www.007museum.com/never_poster.jpg","https://www.youtube.com/watch?v=luHKCbMqmLY"
"A View To Kill",1985,"http://www.007.com/wp-content/uploads/2013/11/AViewToAKillscaled.jpg","https://www.youtube.com/watch?v=buOK9kJIJA4"
"The Living Daylights",1987,"http://www.007.com/wp-content/uploads/2013/11/LivingDaylightsscaled.jpg","https://www.youtube.com/watch?v=VUmv7lO62qY"
"Licence To Kill",1989,"http://www.007.com/wp-content/uploads/2013/11/LicenseToKillscaled.jpg","https://www.youtube.com/watch?v=7Xtyi8J1-4I"
"GoldenEye",1995,"http://www.007.com/wp-content/uploads/2013/11/GoldenEyescaled.jpg","https://www.youtube.com/watch?v=FDnOenubcqs"
"Tomorrow Never Dies",1997,"http://www.007.com/wp-content/uploads/2013/11/TomorrowNeverDiesscaled.jpg","https://www.youtube.com/watch?v=vwNmnM-RLWM"
"The World Is not Enough",1999,"http://www.007.com/wp-content/uploads/2013/11/TWINEscaled.jpg","https://www.youtube.com/watch?v=P-oNz3Nf50Q"
"Die Another Day",2002,"http://www.007.com/wp-content/uploads/2013/11/DieAnotherDayscaled.jpg","https://www.youtube.com/watch?v=VSzixW0KQcc"
"Casino royale",2006,"http://www.007.com/wp-content/uploads/2013/11/CasinoRoyalescaled.jpg","https://www.youtube.com/watch?v=xK7PbujRUOk"
"Quantum of Solace",2008,"http://www.007.com/wp-content/uploads/2013/11/2008_QOS_1sheetscaled.jpg","https://www.youtube.com/watch?v=f6acw690AqQ"
"Skyfall",2012,"http://www.007.com/wp-content/uploads/2013/11/Skyfall-SCALED.jpg","https://www.youtube.com/watch?v=6kw1UVovByw"
"Spectre",2015,"https://vignette.wikia.nocookie.net/jamesbond/images/9/95/SPECTRE_poster_1.jpg/revision/latest/scale-to-width-down/337?cb=20150916083032","https://www.youtube.com/watch?v=z4UDNzXD3qA"
